834,,,,,,,,,,,,,,,,
latitude,longitude,altitude(feet),ascent(feet),speed(mph),distance(feet),max_altitude(feet),max_ascent(feet),max_speed(mph),max_distance(feet),time(millisecond),gps,power,pitch,roll,yaw,motor on
43.5803481,-116.7406331,0,0,0,0,0,0,0,0,539,10,97,178,180,141,0
43.5803481,-116.7406329,0,0,0,0,0,0,0,0,841,10,97,178,180,141,0
43.5803482,-116.7406328,0,0,0,0,0,0,0,0,1125,10,97,178,180,141,0
43.5803481,-116.7406329,-1,0,0,0,0,0,0,0,1420,10,97,178,180,141,0
43.580348,-116.7406328,0,0,0,0,0,0,0,0,1720,10,97,178,180,140,0
43.5803479,-116.7406326,-1,0,0,0,0,0,0,0,2023,10,97,178,180,140,0
43.5803478,-116.7406326,0,0,0,0,0,0,0,0,2344,10,97,178,180,140,0
43.5803476,-116.7406329,-1,0,0,0,0,0,0,0,2620,10,97,178,180,140,0
43.5803475,-116.7406329,-1,0,0,0,0,0,0,0,2922,10,97,178,180,140,0
43.5803473,-116.7406329,0,0,0,0,0,0,0,0,3221,10,97,178,180,140,0
43.5803472,-116.7406329,0,0,0,0,0,0,0,0,3519,10,97,178,180,140,0
43.5803471,-116.740633,0,0,0,0,0,0,0,0,3843,10,97,178,180,140,0
43.5803471,-116.7406331,-1,0,0,0,0,0,0,0,4119,10,97,178,180,140,0
43.5803471,-116.7406332,0,0,0,0,0,0,0,0,4419,10,97,178,180,140,0
43.5803472,-116.7406332,0,0,0,0,0,0,0,0,4720,10,97,178,180,140,0
43.5803471,-116.7406332,0,0,0,0,0,0,0,0,5019,10,97,178,180,140,0
43.580347,-116.7406331,0,0,0,0,0,0,0,0,5342,10,97,178,180,140,0
43.5803469,-116.7406331,0,0,0,0,0,0,0,0,5619,10,97,178,180,140,0
43.5803471,-116.7406331,0,0,0,0,0,0,0,0,5919,10,97,178,180,140,0
43.580347,-116.7406329,-1,0,0,0,0,0,0,0,6240,10,97,178,180,140,0
43.5803467,-116.740633,0,0,0,0,0,0,0,0,6518,10,97,178,180,140,0
43.5803465,-116.740633,0,0,0,0,0,0,0,0,6843,10,97,178,180,140,0
43.5803463,-116.7406329,0,0,0,0,0,0,0,0,7121,10,97,178,180,140,0
43.5803461,-116.7406329,0,0,0,0,0,0,0,0,7419,10,97,178,180,140,0
43.580346,-116.740633,0,0,0,0,0,0,0,0,7718,10,97,178,180,140,0
43.5803461,-116.7406329,0,0,0,0,0,0,0,0,8018,10,97,178,180,140,0
43.5803459,-116.7406329,0,0,0,0,0,0,0,0,8321,10,97,178,180,140,0
43.580346,-116.7406329,0,0,0,0,0,0,0,0,8618,10,97,178,180,140,0
43.5803459,-116.7406327,0,0,0,0,0,0,0,0,8939,10,97,178,180,140,0
43.5803461,-116.7406324,0,0,0,0,0,0,0,0,9219,10,97,178,180,140,0
43.580346,-116.7406323,0,0,0,0,0,0,0,0,9518,10,97,178,180,140,0
43.5803459,-116.740632,0,0,0,0,0,0,0,0,9833,10,97,178,180,140,0
43.5803459,-116.7406318,0,0,0,0,0,0,0,0,10118,10,97,178,180,140,0
43.580346,-116.7406317,0,0,0,0,0,0,0,0,10419,10,97,178,180,140,0
43.580346,-116.7406316,0,0,0,0,0,0,0,0,10739,10,97,178,180,140,0
43.580346,-116.7406316,0,0,0,0,0,0,0,0,11019,10,97,178,180,140,0
43.580346,-116.7406317,-1,0,0,0,0,0,0,0,11322,10,97,178,180,140,0
43.5803459,-116.7406316,0,0,0,0,0,0,0,0,11640,10,97,178,180,140,0
43.5803457,-116.7406316,0,0,0,0,0,0,0,0,11941,10,97,178,180,140,0
43.5803456,-116.7406315,0,0,0,0,0,0,0,0,12238,10,97,178,180,140,0
43.5803457,-116.7406315,0,0,0,0,0,0,0,0,12541,10,97,178,180,140,0
43.5803457,-116.7406316,0,0,0,0,0,0,0,0,12845,10,97,178,180,140,0
43.5803456,-116.7406317,0,0,0,0,0,0,0,0,13139,10,97,178,180,140,0
43.5803457,-116.7406317,0,0,0,0,0,0,0,0,13440,10,97,178,180,140,0
43.5803457,-116.7406316,-1,0,0,0,0,0,0,0,13742,10,97,178,180,140,0
43.5803457,-116.7406315,0,0,0,0,0,0,0,0,14040,10,97,178,180,140,0
43.5803459,-116.7406315,0,0,0,0,0,0,0,0,14342,10,97,178,180,140,0
43.5803456,-116.7406311,0,0,0,0,0,0,0,0,14660,10,97,178,180,140,0
43.5803458,-116.7406312,0,0,0,0,0,0,0,0,14941,10,97,178,180,140,0
43.5803459,-116.7406312,0,0,0,0,0,0,0,0,15221,10,97,178,180,140,0
43.5803459,-116.7406312,0,0,0,0,0,0,0,0,15545,10,97,178,180,140,0
43.5803459,-116.7406314,0,0,0,0,0,0,0,0,15862,10,97,178,180,140,0
43.5803459,-116.7406312,0,0,0,0,0,0,0,0,16141,10,97,178,180,140,0
43.5803458,-116.7406312,0,0,0,0,0,0,0,0,16445,10,97,178,180,140,0
43.5803459,-116.7406312,0,0,0,0,0,0,0,0,16743,10,97,178,180,140,0
43.5803458,-116.7406311,0,0,0,0,0,0,0,0,17043,10,97,178,180,140,0
43.5803458,-116.7406309,0,0,0,0,0,0,0,0,17344,10,97,178,180,140,1
43.5803457,-116.7406309,0,0,0,0,0,0,0,0,17622,10,97,178,180,140,1
43.5803455,-116.7406308,-1,-1,0,0,0,0,0,0,17943,10,97,178,180,140,1
43.5803455,-116.7406306,-2,-2,0,0,0,0,0,0,18306,10,97,178,180,140,1
43.5803452,-116.7406306,-1,-1,0,0,0,0,0,0,18583,10,97,178,180,140,1
43.5803448,-116.7406304,-1,-1,0,0,0,0,0,0,18905,9,97,178,180,140,1
43.5803445,-116.7406302,-2,-2,0,0,0,0,0,0,19204,9,97,178,180,140,1
43.5803443,-116.7406302,-2,-2,0.22,0,0,0,0.22,0,19482,9,97,178,180,140,1
43.5803443,-116.74063,-2,-2,0.22,0,0,0,0.22,0,19781,9,97,178,180,140,1
43.5803442,-116.74063,-3,-3,0,0,0,0,0.22,0,20101,8,97,178,180,140,1
43.580344,-116.74063,-4,-4,0,0,0,0,0.22,0,20421,8,97,178,180,140,1
43.5803438,-116.74063,-6,-6,0.22,0,0,0,0.22,0,20682,8,97,178,180,140,1
43.5803437,-116.7406299,-7,-7,0.22,0,0,0,0.22,0,21001,8,97,176,180,140,1
43.5803435,-116.7406298,-8,-8,0.32,0,0,0,0.32,0,21281,8,97,176,181,143,1
43.5803435,-116.7406299,-6,-6,0.95,0,0,0,0.95,0,21583,8,97,180,180,142,1
43.5803445,-116.7406291,4,5,2.04,0,4,5,2.04,0,21943,9,97,181,178,142,1
43.580345,-116.7406299,6,6,3.14,0,6,6,3.14,0,22182,9,97,180,178,143,1
43.5803458,-116.7406299,7,7,3.59,0,7,7,3.59,0,22484,8,97,179,178,144,1
43.5803454,-116.7406301,7,8,3.36,0,7,8,3.59,0,22812,8,97,179,178,145,1
43.5803451,-116.7406299,9,9,3.13,0,9,9,3.59,0,23101,8,97,180,178,144,1
43.5803456,-116.7406294,9,9,2.91,0,9,9,3.59,0,23402,7,97,180,178,144,1
43.5803461,-116.7406289,11,11,2.68,0,11,11,3.59,0,23705,7,97,180,178,144,1
43.5803464,-116.7406287,13,13,2.68,0,13,13,3.59,0,24000,7,97,180,178,145,1
43.5803472,-116.7406285,13,13,2.91,0,13,13,3.59,0,24285,7,97,179,179,146,1
43.5803478,-116.7406287,14,14,2.24,0,14,14,3.59,0,24602,7,97,179,178,147,1
43.5803483,-116.7406285,15,15,1.12,1,15,15,3.59,1,24902,7,97,180,177,147,1
43.5803487,-116.7406284,15,16,0.45,1,15,16,3.59,1,25201,7,97,180,177,146,1
43.5803486,-116.7406287,16,17,0.22,1,16,17,3.59,1,25522,7,97,180,177,145,1
43.5803487,-116.7406297,16,16,0.5,1,16,17,3.59,1,25801,7,97,179,178,145,1
43.5803481,-116.7406313,15,15,0.32,0,16,17,3.59,1,26122,7,97,179,179,146,1
43.5803476,-116.7406317,15,15,0.22,0,16,17,3.59,1,26403,7,97,179,179,145,1
43.5803467,-116.7406327,16,16,0.22,0,16,17,3.59,1,26723,7,97,179,179,145,1
43.5803464,-116.7406336,16,16,0.22,0,16,17,3.59,1,26999,7,97,178,179,144,1
43.5803464,-116.7406341,16,16,0.22,0,16,17,3.59,1,27304,7,97,179,179,144,1
43.5803467,-116.7406344,16,16,0.22,0,16,17,3.59,1,27600,7,97,179,179,145,1
43.5803457,-116.7406355,15,16,0,1,16,17,3.59,1,27922,7,96,179,179,147,1
43.5803453,-116.740636,16,16,0,1,16,17,3.59,1,28202,7,96,178,180,148,1
43.5803445,-116.7406365,16,16,0,1,16,17,3.59,1,28499,8,96,179,179,147,1
43.5803442,-116.7406372,17,17,0,1,17,17,3.59,1,28801,9,96,180,179,146,1
43.5803441,-116.7406376,16,16,0.22,1,17,17,3.59,1,29101,8,96,179,179,146,1
43.5803433,-116.7406385,15,15,0.22,2,17,17,3.59,2,29402,8,96,178,180,147,1
43.5803434,-116.7406389,18,18,0.95,2,18,18,3.59,2,29701,8,96,169,175,147,1
43.5803434,-116.7406394,17,17,3.39,2,18,18,3.59,2,30002,8,96,170,176,145,1
43.5803434,-116.7406397,20,20,5.82,2,20,20,5.82,2,30352,8,96,173,178,143,1
43.5803454,-116.740642,21,22,7.37,2,21,22,7.37,2,30600,8,96,174,177,141,1
43.5803495,-116.7406522,24,24,8.39,5,24,24,8.39,5,30921,9,96,173,177,138,1
43.580352,-116.7406579,28,28,8.75,7,28,28,8.75,7,31201,9,96,172,179,137,1
43.5803524,-116.7406624,33,33,8.7,8,33,33,8.75,8,31521,9,96,172,180,137,1
43.5803546,-116.7406673,33,33,8.82,10,33,33,8.82,10,31802,9,96,172,180,135,1
43.5803589,-116.7406779,37,38,8.35,13,37,38,8.82,13,32126,9,96,172,180,133,1
43.5803623,-116.7406832,40,40,7.98,15,40,40,8.82,15,32421,8,96,171,180,131,1
43.5803653,-116.7406889,42,42,7.97,16,42,42,8.82,16,32722,9,96,171,180,130,1
43.5803685,-116.7406946,45,45,8.06,18,45,45,8.82,18,33004,8,96,172,179,130,1
43.5803725,-116.7407004,47,47,7.97,20,47,47,8.82,20,33301,8,96,171,179,130,1
43.5803804,-116.7407117,50,50,8.17,24,50,50,8.82,24,33621,8,96,170,178,129,1
43.5803845,-116.7407176,53,53,8.34,26,53,53,8.82,26,33901,8,96,170,179,129,1
43.5803885,-116.7407234,57,57,8.34,28,57,57,8.82,28,34201,8,96,169,179,128,1
43.5803924,-116.7407295,61,61,8.37,31,61,61,8.82,31,34520,9,96,169,179,129,1
43.5803959,-116.7407358,63,63,8.54,33,63,63,8.82,33,34805,9,96,170,179,129,1
43.5803995,-116.7407421,65,65,9.09,35,65,65,9.09,35,35102,9,96,170,178,128,1
43.5804075,-116.7407551,69,69,9.09,39,69,69,9.09,39,35402,9,96,170,178,129,1
43.5804115,-116.740762,72,72,9.2,42,72,72,9.2,42,35701,9,96,170,178,129,1
43.5804154,-116.7407691,75,75,9.2,44,75,75,9.2,44,36002,10,96,170,179,129,1
43.5804192,-116.7407764,78,78,9.37,46,78,78,9.37,46,36301,9,96,171,179,129,1
43.5804227,-116.7407838,82,82,9.74,49,82,82,9.74,49,36601,9,96,168,179,129,1
43.580431,-116.7407979,88,88,10.29,54,88,88,10.29,54,36922,9,96,168,179,129,1
43.580435,-116.7408057,90,90,11.18,56,90,90,11.18,56,37201,9,96,169,179,129,1
43.5804397,-116.7408136,93,93,11.64,59,93,93,11.64,59,37501,8,96,169,179,129,1
43.5804446,-116.740822,96,96,11.72,62,96,96,11.72,62,37802,8,96,168,180,129,1
43.5804535,-116.7408391,101,101,11.38,67,101,101,11.72,67,38151,8,95,169,178,129,1
43.5804581,-116.7408474,104,104,11.04,70,104,104,11.72,70,38452,8,95,170,178,128,1
43.5804636,-116.7408552,107,107,10.76,73,107,107,11.72,73,38720,9,95,170,178,128,1
43.5804684,-116.7408635,111,111,10.43,76,111,111,11.72,76,39000,8,95,170,179,128,1
43.5804728,-116.7408721,114,114,9.72,78,114,114,11.72,78,39322,9,95,170,178,129,1
43.5804819,-116.7408878,117,117,9.41,84,117,117,11.72,84,39667,9,95,171,178,129,1
43.5804856,-116.7408962,121,121,8.58,86,121,121,11.72,86,40095,10,95,170,178,129,1
43.5804935,-116.7409119,123,123,7.91,91,123,123,11.72,91,40502,10,95,171,179,129,1
43.5804973,-116.7409196,128,128,8.34,94,128,128,11.72,94,40827,9,95,171,179,129,1
43.5805015,-116.7409269,131,131,9.13,96,131,131,11.72,96,41101,9,95,171,179,130,1
43.5805094,-116.7409424,137,137,9.8,101,137,137,11.72,101,41420,9,95,170,178,130,1
43.5805129,-116.7409499,138,138,10.42,104,138,138,11.72,104,41721,9,95,172,178,131,1
43.5805165,-116.740958,143,143,10.69,106,143,143,11.72,106,42004,9,95,172,178,131,1
43.5805208,-116.7409651,146,146,10.91,109,146,146,11.72,109,42323,9,95,172,178,130,1
43.5805242,-116.7409714,151,151,10.83,111,151,151,11.72,111,42602,8,95,172,177,131,1
43.5805309,-116.7409843,154,154,10.48,115,154,154,11.72,115,42920,8,95,173,177,132,1
43.5805346,-116.7409905,158,158,10.2,117,158,158,11.72,117,43202,8,95,173,177,132,1
43.5805376,-116.740996,163,163,9.94,119,163,163,11.72,119,43519,8,95,172,177,132,1
43.5805406,-116.7410014,166,166,9.87,121,166,166,11.72,121,43805,8,95,173,176,133,1
43.5805468,-116.741012,169,169,9.79,124,169,169,11.72,124,44119,8,95,173,175,134,1
43.5805497,-116.741017,174,174,9.39,126,174,174,11.72,126,44420,8,95,173,175,135,1
43.5805523,-116.7410222,177,177,8.72,128,177,177,11.72,128,44721,8,95,174,177,135,1
43.5805551,-116.7410274,179,179,7.5,129,179,179,11.72,129,45019,8,95,175,177,136,1
43.5805573,-116.7410326,182,182,6.07,131,182,182,11.72,131,45323,8,95,177,176,136,1
43.5805628,-116.7410436,183,183,4.49,134,183,183,11.72,134,45621,8,95,178,175,135,1
43.5805647,-116.7410464,183,183,3.39,135,183,183,11.72,135,45919,8,95,179,175,134,1
43.5805673,-116.7410504,183,183,2.54,137,183,183,11.72,137,46218,8,95,178,175,133,1
43.5805687,-116.7410536,187,187,1.92,138,187,187,11.72,138,46519,8,95,179,175,132,1
43.5805702,-116.7410571,186,186,1.48,139,187,187,11.72,139,46832,8,95,177,175,132,1
43.5805717,-116.7410618,185,185,1.34,140,187,187,11.72,140,47119,8,94,176,177,133,1
43.5805721,-116.7410639,185,186,1.3,141,187,187,11.72,141,47419,8,94,176,177,133,1
43.5805724,-116.7410656,187,187,1.5,141,187,187,11.72,141,47718,8,94,176,177,133,1
43.5805724,-116.7410668,188,188,1.41,141,188,188,11.72,141,48019,8,94,175,177,133,1
43.5805729,-116.7410676,189,189,1.43,142,189,189,11.72,142,48330,8,94,175,178,133,1
43.5805732,-116.7410686,189,189,1.23,142,189,189,11.72,142,48642,9,94,176,178,132,1
43.5805738,-116.7410684,193,193,1.1,142,193,193,11.72,142,48920,9,94,176,178,132,1
43.5805739,-116.7410683,188,188,1.03,142,193,193,11.72,142,49219,9,94,176,178,132,1
43.5805737,-116.7410683,189,189,1.14,142,193,193,11.72,142,49520,9,94,176,179,133,1
43.5805737,-116.7410677,189,189,1.1,142,193,193,11.72,142,49823,9,94,176,178,137,1
43.5805723,-116.741068,193,193,1.14,142,193,193,11.72,142,50121,8,94,176,178,142,1
43.5805719,-116.7410679,192,192,1.2,142,193,193,11.72,142,50419,9,94,175,178,147,1
43.5805713,-116.7410678,192,192,1.03,141,193,193,11.72,142,50721,9,94,175,178,153,1
43.5805707,-116.7410675,192,193,1.03,141,193,193,11.72,142,51021,9,94,176,177,157,1
43.58057,-116.7410671,194,194,1.3,141,194,194,11.72,142,51349,9,94,176,177,162,1
43.5805709,-116.7410652,194,194,1.3,141,194,194,11.72,142,51621,9,94,176,177,165,1
43.5805714,-116.7410644,194,194,1.3,141,194,194,11.72,142,51921,9,94,177,176,168,1
43.5805716,-116.7410635,193,193,1.3,141,194,194,11.72,142,52220,9,94,177,175,170,1
43.5805718,-116.7410625,194,194,1.3,140,194,194,11.72,142,52519,9,94,177,176,172,1
43.5805718,-116.7410615,194,194,1.2,140,194,194,11.72,142,52829,9,94,177,175,174,1
43.5805715,-116.7410601,192,193,1,140,194,194,11.72,142,53120,9,94,177,175,175,1
43.5805712,-116.7410598,193,194,1,140,194,194,11.72,142,53420,9,94,177,175,176,1
43.5805708,-116.7410595,193,194,1.12,140,194,194,11.72,142,53721,9,94,177,175,178,1
43.5805705,-116.7410594,194,194,1.43,139,194,194,11.72,142,54020,9,94,169,176,179,1
43.5805701,-116.7410594,193,193,2.45,139,194,194,11.72,142,54329,9,94,166,174,179,1
43.5805709,-116.7410593,193,193,3.27,140,194,194,11.72,142,54620,9,94,167,174,178,1
43.5805725,-116.7410591,192,192,4.11,140,194,194,11.72,142,54920,9,94,169,174,178,1
43.5805748,-116.7410593,191,191,4.74,140,194,194,11.72,142,55220,9,94,170,175,178,1
43.580578,-116.7410597,191,191,5.16,141,194,194,11.72,142,55520,9,94,170,175,179,1
43.5805818,-116.7410604,193,194,5.61,142,194,194,11.72,142,55822,9,94,170,175,180,1
43.5805906,-116.7410619,190,190,6.08,144,194,194,11.72,144,56120,9,94,170,174,180,1
43.5805962,-116.7410624,191,191,6.33,146,194,194,11.72,146,56421,9,94,171,174,180,1
43.580602,-116.7410629,191,191,6.77,147,194,194,11.72,147,56741,9,94,170,174,180,1
43.5806084,-116.7410627,192,192,7.22,149,194,194,11.72,149,57018,10,94,172,174,181,1
43.5806146,-116.7410633,193,193,7.47,150,194,194,11.72,150,57330,9,94,173,175,181,1
43.580629,-116.7410632,193,193,7.44,154,194,194,11.72,154,57621,10,94,173,175,181,1
43.5806362,-116.7410637,193,193,7.42,156,194,194,11.72,156,57940,9,93,172,174,181,1
43.5806432,-116.7410641,194,194,7.63,157,194,194,11.72,157,58221,9,93,172,174,181,1
43.5806507,-116.7410646,194,195,7.61,159,194,195,11.72,159,58519,10,93,172,174,181,1
43.5806583,-116.7410643,195,195,7.84,161,195,195,11.72,161,58827,10,93,172,175,181,1
43.5806744,-116.7410642,194,195,8.06,165,195,195,11.72,165,59120,9,93,172,175,181,1
43.5806826,-116.7410642,194,194,8.06,168,195,195,11.72,168,59420,9,93,172,175,181,1
43.5806908,-116.7410644,195,195,8.06,170,195,195,11.72,170,59739,9,93,173,175,181,1
43.5806989,-116.7410645,195,195,8.28,172,195,195,11.72,172,60022,9,93,173,175,181,1
43.5807075,-116.7410647,195,195,8.28,174,195,195,11.72,174,60328,11,93,173,176,181,1
43.5807241,-116.7410651,193,193,8.28,179,195,195,11.72,179,60621,11,93,173,176,180,1
43.5807324,-116.7410655,193,194,8.28,181,195,195,11.72,181,60924,10,93,173,176,180,1
43.5807406,-116.7410658,194,194,8.29,184,195,195,11.72,184,61220,10,93,172,176,181,1
43.5807485,-116.7410661,195,195,8.29,186,195,195,11.72,186,61520,9,93,172,176,181,1
43.5807567,-116.7410662,197,197,8.31,189,197,197,11.72,189,61827,10,93,172,175,182,1
43.5807734,-116.7410661,195,196,8.3,193,197,197,11.72,193,62120,10,93,171,175,182,1
43.5807817,-116.7410662,197,197,8.53,196,197,197,11.72,196,62437,10,93,172,174,182,1
43.5807899,-116.7410659,197,197,8.53,198,197,197,11.72,198,62752,10,93,173,175,182,1
43.5807985,-116.7410659,197,197,8.53,201,197,197,11.72,201,63038,10,93,172,175,182,1
43.5808073,-116.7410658,196,196,8.53,203,197,197,11.72,203,63332,10,93,172,175,182,1
43.5808245,-116.7410656,196,196,8.53,209,197,197,11.72,209,63658,10,93,172,175,182,1
43.5808327,-116.741066,197,197,8.53,211,197,197,11.72,211,63957,11,93,172,175,183,1
43.580841,-116.7410664,196,196,8.53,214,197,197,11.72,214,64221,11,93,172,174,183,1
43.580849,-116.7410668,197,197,8.53,216,197,197,11.72,216,64521,9,93,172,174,183,1
43.5808571,-116.7410675,197,197,8.53,219,197,197,11.72,219,64824,8,93,172,175,184,1
43.5808733,-116.7410686,197,197,8.53,224,197,197,11.72,224,65121,9,93,173,175,183,1
43.5808815,-116.7410692,196,197,8.53,227,197,197,11.72,227,65424,9,93,173,174,183,1
43.5808897,-116.74107,197,197,8.53,229,197,197,11.72,229,65721,9,93,173,175,183,1
43.5808979,-116.7410706,196,197,8.53,232,197,197,11.72,232,66022,9,93,173,175,184,1
43.5809063,-116.7410714,196,197,8.55,235,197,197,11.72,235,66371,9,93,173,175,184,1
43.5809228,-116.7410723,197,197,8.53,240,197,197,11.72,240,66622,10,93,173,174,184,1
43.5809313,-116.741073,196,197,8.53,243,197,197,11.72,243,66922,10,93,173,174,184,1
43.5809398,-116.7410735,197,197,8.53,246,197,197,11.72,246,67219,10,93,173,174,183,1
43.5809487,-116.7410737,197,197,8.55,249,197,197,11.72,249,67520,10,93,173,175,184,1
43.5809654,-116.7410749,197,197,8.53,254,197,197,11.72,254,67910,10,93,173,175,184,1
43.5809738,-116.7410754,197,197,8.53,257,197,197,11.72,257,68151,10,93,173,175,184,1
43.5809824,-116.7410762,197,197,8.55,260,197,197,11.72,260,68438,10,93,172,175,184,1
43.5809909,-116.7410768,197,197,8.55,263,197,197,11.72,263,68762,10,93,172,175,185,1
43.5809992,-116.7410774,196,197,8.55,265,197,197,11.72,265,69062,10,93,173,175,185,1
43.5810082,-116.7410777,196,197,8.57,268,197,197,11.72,268,69354,11,93,173,175,184,1
43.5810256,-116.7410785,197,197,8.57,274,197,197,11.72,274,69661,11,93,174,175,184,1
43.5810343,-116.7410789,198,198,8.57,277,198,198,11.72,277,69962,11,92,173,174,185,1
43.5810429,-116.7410792,197,197,8.8,280,198,198,11.72,280,70239,11,92,173,174,186,1
43.5810516,-116.7410795,197,197,8.8,283,198,198,11.72,283,70539,10,92,174,174,186,1
43.5810697,-116.7410801,196,197,8.8,289,198,198,11.72,289,70881,11,92,174,174,186,1
43.5810788,-116.7410801,197,197,8.58,292,198,198,11.72,292,71138,11,92,174,174,186,1
43.5810876,-116.7410802,197,197,8.58,295,198,198,11.72,295,71461,11,92,174,174,186,1
43.5810961,-116.7410803,196,197,8.55,298,198,198,11.72,298,71761,11,92,174,174,186,1
43.5811049,-116.7410803,197,197,8.57,301,198,198,11.72,301,72040,11,92,173,175,186,1
43.5811221,-116.7410798,199,199,8.57,306,199,199,11.72,306,72366,11,92,173,174,186,1
43.5811305,-116.7410793,198,199,8.57,309,199,199,11.72,309,72677,11,92,173,174,187,1
43.5811391,-116.7410788,198,198,8.57,312,199,199,11.72,312,72949,11,92,173,175,187,1
43.5811477,-116.7410782,199,199,8.57,315,199,199,11.72,315,73239,11,92,173,174,187,1
43.5811563,-116.7410776,197,197,8.57,318,199,199,11.72,318,73558,11,92,174,174,187,1
43.5811647,-116.7410769,197,197,8.57,321,199,199,11.72,321,73978,11,92,174,174,187,1
43.5811817,-116.7410753,198,198,8.57,326,199,199,11.72,326,74139,11,92,173,174,187,1
43.5811904,-116.741075,198,198,8.57,329,199,199,11.72,329,74485,11,92,173,174,187,1
43.581199,-116.7410748,197,198,8.57,332,199,199,11.72,332,74740,11,92,173,174,187,1
43.5812076,-116.7410741,198,198,8.57,335,199,199,11.72,335,75040,10,92,173,173,187,1
43.5812252,-116.7410728,197,197,8.57,341,199,199,11.72,341,75382,9,92,174,172,187,1
43.5812336,-116.7410717,199,199,8.55,344,199,199,11.72,344,75641,10,92,174,173,187,1
43.5812419,-116.7410706,199,199,8.55,346,199,199,11.72,346,75967,10,92,174,173,186,1
43.5812503,-116.7410696,197,197,8.55,349,199,199,11.72,349,76260,11,92,174,173,186,1
43.5812589,-116.7410684,197,198,8.55,352,199,199,11.72,352,76540,10,92,174,173,186,1
43.581276,-116.7410664,197,198,8.77,358,199,199,11.72,358,76857,11,92,174,173,186,1
43.5812846,-116.7410655,198,198,8.77,361,199,199,11.72,361,77180,11,92,174,173,186,1
43.5812927,-116.7410641,198,198,8.77,363,199,199,11.72,363,77440,11,92,174,173,186,1
43.5813012,-116.7410629,199,199,8.77,366,199,199,11.72,366,77741,11,92,174,172,187,1
43.5813094,-116.7410618,198,198,8.75,369,199,199,11.72,369,78058,9,92,175,172,187,1
43.5813264,-116.7410599,199,199,8.75,375,199,199,11.72,375,78367,9,92,174,173,186,1
43.581335,-116.7410593,198,198,8.75,378,199,199,11.72,378,78642,9,92,174,173,186,1
43.5813435,-116.7410587,199,199,8.5,380,199,199,11.72,380,78980,9,92,174,173,185,1
43.5813522,-116.7410584,199,199,8.5,383,199,199,11.72,383,79240,9,92,174,174,185,1
43.5813611,-116.7410583,198,198,8.5,387,199,199,11.72,387,79540,8,92,174,174,185,1
43.5813783,-116.7410576,198,198,8.51,392,199,199,11.72,392,79889,9,92,174,175,185,1
43.5813864,-116.7410571,199,199,8.51,395,199,199,11.72,395,80157,10,92,174,175,185,1
43.5813951,-116.7410572,198,199,8.51,398,199,199,11.72,398,80440,8,92,174,174,184,1
43.5814032,-116.7410568,199,199,8.52,401,199,199,11.72,401,80760,8,92,173,174,185,1
43.5814113,-116.7410558,198,198,8.52,404,199,199,11.72,404,81041,10,92,173,173,185,1
43.5814278,-116.741054,199,199,8.51,410,199,199,11.72,410,81366,10,92,173,173,184,1
43.5814363,-116.7410531,199,199,8.51,412,199,199,11.72,412,81660,9,92,174,173,184,1
43.581445,-116.7410531,198,198,8.5,415,199,199,11.72,415,81941,11,92,174,173,184,1
43.5814536,-116.7410525,198,198,8.51,418,199,199,11.72,418,82239,11,92,174,173,183,1
43.5814621,-116.7410518,198,199,8.51,421,199,199,11.72,421,82582,11,92,173,173,183,1
43.5814707,-116.7410512,199,199,8.51,424,199,199,11.72,424,82855,11,92,174,173,184,1
43.5814883,-116.7410502,198,198,8.52,431,199,199,11.72,431,83159,11,91,175,173,184,1
43.5814965,-116.7410493,199,199,8.31,433,199,199,11.72,433,83502,11,91,176,173,183,1
43.5815048,-116.7410479,199,199,8.07,436,199,199,11.72,436,83739,11,91,175,173,183,1
43.5815131,-116.741047,199,199,7.84,439,199,199,11.72,439,84038,11,91,175,173,183,1
43.5815293,-116.7410461,199,199,7.61,445,199,199,11.72,445,84422,11,91,175,173,183,1
43.5815372,-116.7410456,199,200,7.39,447,199,200,11.72,447,84639,11,91,176,173,183,1
43.5815454,-116.7410455,199,199,7.16,450,199,200,11.72,450,84958,11,91,176,173,183,1
43.5815533,-116.7410454,200,201,6.93,453,200,201,11.72,453,85276,11,91,176,173,183,1
43.581561,-116.7410453,200,200,6.93,456,200,201,11.72,456,85538,11,91,176,173,183,1
43.5815752,-116.7410448,200,200,6.71,461,200,201,11.72,461,85877,11,91,176,173,183,1
43.5815824,-116.741045,201,201,6.49,463,201,201,11.72,463,86177,11,91,177,172,183,1
43.581589,-116.7410452,200,200,6.26,466,201,201,11.72,466,86461,11,91,177,173,183,1
43.5815957,-116.7410455,200,200,6.04,468,201,201,11.72,468,86762,10,91,177,173,182,1
43.5816013,-116.7410451,201,201,5.59,470,201,201,11.72,470,87076,10,91,178,174,182,1
43.581613,-116.7410455,200,201,5.37,474,201,201,11.72,474,87373,10,91,177,173,182,1
43.5816184,-116.7410456,200,200,5.14,476,201,201,11.72,476,87660,10,91,177,173,182,1
43.5816235,-116.7410459,201,202,5.14,478,201,202,11.72,478,87977,9,91,178,173,182,1
43.5816289,-116.7410464,202,202,4.93,480,202,202,11.72,480,88263,9,91,178,173,181,1
43.5816339,-116.7410466,201,201,4.7,482,202,202,11.72,482,88559,10,91,179,174,181,1
43.5816437,-116.7410467,200,200,4.26,485,202,202,11.72,485,88885,10,91,179,174,180,1
43.5816484,-116.7410472,200,200,4.03,487,202,202,11.72,487,89161,9,91,179,174,180,1
43.5816527,-116.7410476,201,201,3.58,488,202,202,11.72,488,89459,9,91,179,174,180,1
43.5816568,-116.7410479,201,201,3.36,490,202,202,11.72,490,89776,9,91,179,174,180,1
43.5816601,-116.7410476,201,201,3.13,491,202,202,11.72,491,90062,10,91,179,174,180,1
43.5816664,-116.7410473,202,202,2.69,493,202,202,11.72,493,90373,9,91,179,174,181,1
43.5816691,-116.7410471,201,201,2.47,494,202,202,11.72,494,90676,9,91,180,174,180,1
43.5816716,-116.741047,202,202,2.03,495,202,202,11.72,495,90962,9,91,180,174,180,1
43.5816736,-116.7410465,201,201,1.8,496,202,202,11.72,496,91278,9,91,180,173,180,1
43.5816754,-116.7410466,201,202,1.36,497,202,202,11.72,497,91577,9,91,180,173,180,1
43.5816782,-116.7410454,201,201,1.12,497,202,202,11.72,497,91872,9,91,180,174,180,1
43.5816792,-116.7410448,200,200,0.67,498,202,202,11.72,498,92176,9,91,180,174,180,1
43.5816804,-116.7410444,200,201,0.45,498,202,202,11.72,498,92477,9,91,180,173,182,1
43.5816809,-116.7410441,198,198,0.22,498,202,202,11.72,498,92758,9,91,179,173,189,1
43.5816807,-116.7410409,203,203,0.45,498,203,203,11.72,498,93118,11,91,179,173,203,1
43.5816811,-116.7410397,202,202,0.92,498,203,203,11.72,498,93440,11,91,179,173,213,1
43.5816815,-116.7410382,201,201,1.3,498,203,203,11.72,498,93658,11,91,179,174,222,1
43.5816823,-116.7410368,200,200,1.8,498,203,203,11.72,498,93979,11,91,181,175,231,1
43.5816836,-116.741035,200,200,1.92,499,203,203,11.72,499,94279,10,91,182,175,238,1
43.5816849,-116.7410325,203,203,1.9,499,203,203,11.72,499,94576,10,91,185,176,245,1
43.5816877,-116.7410272,200,200,1.6,500,203,203,11.72,500,94869,10,91,188,178,249,1
43.5816891,-116.7410244,201,201,1.12,500,203,203,11.72,500,95176,9,90,189,178,253,1
43.5816901,-116.7410218,199,199,0.63,500,203,203,11.72,500,95461,9,90,190,178,256,1
43.5816909,-116.7410194,199,199,0.22,500,203,203,11.72,500,95776,9,90,190,179,260,1
43.5816916,-116.7410175,199,199,0,501,203,203,11.72,501,96076,9,90,190,179,261,1
43.5816923,-116.7410151,199,200,0.39,501,203,203,11.72,501,96388,9,90,189,179,257,1
43.5816925,-116.7410143,200,200,0.84,501,203,203,11.72,501,96660,9,90,190,178,249,1
43.5816924,-116.7410142,198,198,1.14,501,203,203,11.72,501,96976,9,90,189,177,239,1
43.5816918,-116.7410145,201,201,1.6,501,203,203,11.72,501,97263,9,90,189,176,230,1
43.5816911,-116.7410153,200,200,1.76,500,203,203,11.72,501,97576,9,90,188,176,221,1
43.5816892,-116.7410171,199,199,2.12,500,203,203,11.72,501,97885,9,90,188,176,213,1
43.5816878,-116.7410181,200,200,2.42,499,203,203,11.72,501,98178,9,90,186,174,209,1
43.5816858,-116.7410191,200,200,2.13,499,203,203,11.72,501,98460,8,90,178,184,212,1
43.581684,-116.74102,200,200,1.72,498,203,203,11.72,501,98777,8,90,175,183,217,1
43.581682,-116.7410205,202,202,2.42,497,203,203,11.72,501,99057,8,90,176,182,224,1
43.5816779,-116.7410161,202,202,3.7,496,203,203,11.72,501,99531,8,90,177,180,236,1
43.5816757,-116.7410118,202,202,4.31,495,203,203,11.72,501,99776,8,90,178,180,240,1
43.581674,-116.7410063,201,201,4.99,494,203,203,11.72,501,100056,9,90,179,180,245,1
43.5816714,-116.740992,200,201,5.63,492,203,203,11.72,501,100359,9,90,179,180,251,1
43.5816704,-116.7409837,200,200,6.06,491,203,203,11.72,501,100656,9,90,179,179,255,1
43.5816696,-116.7409747,199,199,6.5,491,203,203,11.72,501,100981,9,90,180,179,260,1
43.5816692,-116.7409651,199,199,6.71,490,203,203,11.72,501,101275,9,90,180,178,263,1
43.5816686,-116.7409548,199,199,6.94,489,203,203,11.72,501,101557,9,90,180,179,264,1
43.5816674,-116.7409334,199,199,7.4,488,203,203,11.72,501,101877,9,90,180,179,265,1
43.5816676,-116.7409218,198,198,7.62,487,203,203,11.72,501,102176,9,90,180,179,265,1
43.5816672,-116.74091,199,199,7.84,487,203,203,11.72,501,102503,9,90,180,179,266,1
43.581667,-116.740898,199,199,7.84,486,203,203,11.72,501,102758,8,90,180,179,267,1
43.5816668,-116.7408857,198,198,8.07,486,203,203,11.72,501,103116,8,90,180,179,268,1
43.5816662,-116.7408606,199,199,8.28,485,203,203,11.72,501,103358,9,90,180,179,268,1
43.5816659,-116.7408477,199,199,8.28,484,203,203,11.72,501,103657,9,90,180,179,268,1
43.5816657,-116.740835,200,200,8.5,484,203,203,11.72,501,104055,9,90,180,179,268,1
43.5816653,-116.7408222,199,199,8.5,483,203,203,11.72,501,104274,8,90,180,179,268,1
43.5816651,-116.7408092,201,201,8.5,483,203,203,11.72,501,104559,8,90,180,179,268,1
43.5816647,-116.7407833,199,199,8.5,482,203,203,11.72,501,104878,8,90,180,179,268,1
43.5816645,-116.7407704,201,201,8.72,482,203,203,11.72,501,105158,8,90,180,179,268,1
43.581664,-116.7407578,200,200,8.72,481,203,203,11.72,501,105480,8,90,180,179,269,1
43.5816637,-116.7407449,200,200,8.72,481,203,203,11.72,501,105779,8,90,180,179,270,1
43.5816632,-116.740732,201,201,8.95,480,203,203,11.72,501,106058,8,90,180,179,270,1
43.5816619,-116.740706,200,200,8.95,480,203,203,11.72,501,106375,8,90,180,179,270,1
43.5816612,-116.7406928,201,201,8.95,479,203,203,11.72,501,106675,8,90,180,179,269,1
43.5816604,-116.7406798,201,201,8.95,479,203,203,11.72,501,106982,8,89,180,178,268,1
43.5816597,-116.7406668,201,201,8.95,479,203,203,11.72,501,107258,8,89,180,178,268,1
43.5816589,-116.7406537,201,201,8.95,478,203,203,11.72,501,107576,9,89,180,178,268,1
43.5816571,-116.7406275,200,201,8.95,477,203,203,11.72,501,107876,9,89,181,178,268,1
43.5816556,-116.7406141,201,201,8.95,477,203,203,11.72,501,108158,9,89,180,178,268,1
43.5816549,-116.7406012,202,202,8.95,477,203,203,11.72,501,108501,9,89,180,177,267,1
43.5816542,-116.7405879,202,203,8.95,477,203,203,11.72,501,108759,9,89,180,177,266,1
43.5816532,-116.7405748,202,202,8.95,476,203,203,11.72,501,109058,8,89,180,177,265,1
43.5816511,-116.7405484,200,200,8.73,476,203,203,11.72,501,109375,8,89,180,178,264,1
43.5816503,-116.7405354,201,201,8.73,476,203,203,11.72,501,109658,8,89,180,178,265,1
43.5816492,-116.7405225,202,202,8.73,475,203,203,11.72,501,109980,8,89,180,177,267,1
43.5816483,-116.7405097,203,203,8.74,475,203,203,11.72,501,110276,8,89,180,177,268,1
43.5816471,-116.7404969,201,201,8.74,475,203,203,11.72,501,110577,8,89,180,177,268,1
43.5816454,-116.7404713,201,201,8.74,475,203,203,11.72,501,110858,8,89,180,177,269,1
43.5816444,-116.7404585,202,202,8.74,475,203,203,11.72,501,111176,8,89,180,177,270,1
43.5816435,-116.7404458,201,201,8.74,475,203,203,11.72,501,111496,8,89,180,177,270,1
43.5816429,-116.7404331,202,202,8.74,475,203,203,11.72,501,111775,8,89,180,176,269,1
43.5816422,-116.7404203,201,201,8.75,475,203,203,11.72,501,112076,8,89,180,177,269,1
43.5816414,-116.7403951,201,201,8.96,476,203,203,11.72,501,112375,8,89,180,176,269,1
43.5816409,-116.7403825,201,201,8.96,476,203,203,11.72,501,112656,8,89,180,176,268,1
43.5816402,-116.74037,202,202,8.97,476,203,203,11.72,501,113016,8,89,180,176,267,1
43.5816397,-116.7403573,201,201,8.97,477,203,203,11.72,501,113257,8,89,180,176,266,1
43.5816393,-116.7403445,201,202,8.98,477,203,203,11.72,501,113576,8,89,180,176,266,1
43.5816382,-116.7403188,202,202,8.98,478,203,203,11.72,501,113877,9,89,180,176,265,1
43.5816382,-116.7403055,201,201,8.99,478,203,203,11.72,501,114256,9,89,180,176,265,1
43.581638,-116.7402798,200,200,9.21,480,203,203,11.72,501,114863,10,89,180,176,266,1
43.5816389,-116.7402667,202,202,9.44,481,203,203,11.72,501,115082,10,89,181,176,265,1
43.5816388,-116.7402415,202,202,9.44,482,203,203,11.72,501,115376,10,89,182,176,264,1
43.5816387,-116.7402284,201,202,9.21,483,203,203,11.72,501,115677,10,89,182,176,264,1
43.5816389,-116.7402151,202,202,9.22,484,203,203,11.72,501,115997,9,89,182,176,263,1
43.5816388,-116.7402021,202,202,9,484,203,203,11.72,501,116277,9,89,182,176,263,1
43.5816386,-116.740189,201,201,9,485,203,203,11.72,501,116579,9,89,182,176,263,1
43.5816381,-116.7401633,202,202,8.98,487,203,203,11.72,501,116879,9,89,181,176,264,1
43.5816378,-116.7401505,201,201,9,487,203,203,11.72,501,117178,9,89,182,176,264,1
43.5816376,-116.7401378,201,201,8.99,488,203,203,11.72,501,117505,9,89,182,176,264,1
43.5816375,-116.7401253,201,201,8.99,489,203,203,11.72,501,117777,9,89,181,176,264,1
43.5816377,-116.7401126,201,201,8.97,490,203,203,11.72,501,118078,9,88,182,176,263,1
43.5816377,-116.7400874,201,201,8.97,492,203,203,11.72,501,118378,9,88,182,176,263,1
43.5816376,-116.7400749,202,202,8.97,493,203,203,11.72,501,118680,9,88,182,176,263,1
43.581638,-116.7400623,201,201,8.97,494,203,203,11.72,501,118995,9,88,182,175,263,1
43.5816381,-116.74005,201,201,8.97,495,203,203,11.72,501,119279,9,88,182,176,264,1
43.5816382,-116.7400377,201,201,8.97,496,203,203,11.72,501,119580,9,88,182,176,264,1
43.5816381,-116.7400128,199,199,8.75,498,203,203,11.72,501,119876,9,88,182,175,264,1
43.5816381,-116.7400002,200,200,8.75,499,203,203,11.72,501,120178,9,88,182,176,264,1
43.5816384,-116.7399879,201,201,8.97,501,203,203,11.72,501,120483,9,88,182,176,263,1
43.5816385,-116.7399756,200,200,8.97,502,203,203,11.72,502,120776,9,88,182,176,264,1
43.5816383,-116.7399634,200,200,8.97,503,203,203,11.72,503,121078,9,88,182,176,264,1
43.5816387,-116.7399387,199,200,8.75,505,203,203,11.72,505,121378,9,88,182,176,264,1
43.5816391,-116.7399264,199,199,8.75,507,203,203,11.72,507,121676,8,88,182,176,265,1
43.5816396,-116.739914,200,200,8.75,508,203,203,11.72,508,122004,8,88,182,177,264,1
43.5816392,-116.739902,200,200,8.75,509,203,203,11.72,509,122279,9,88,183,177,264,1
43.5816399,-116.7398662,200,200,8.52,513,203,203,11.72,513,122877,8,88,182,176,263,1
43.58164,-116.7398546,200,200,8.52,514,203,203,11.72,514,123177,9,88,181,176,263,1
43.5816402,-116.7398431,200,201,8.29,515,203,203,11.72,515,123576,9,88,182,177,264,1
43.5816406,-116.7398314,199,200,8.29,517,203,203,11.72,517,123776,9,88,182,177,265,1
43.5816407,-116.7398201,199,199,8.29,518,203,203,11.72,518,124134,10,88,183,177,265,1
43.5816406,-116.7397972,200,200,8.07,521,203,203,11.72,521,124377,9,88,183,176,265,1
43.5816409,-116.7397858,201,201,7.85,522,203,203,11.72,522,124714,9,88,183,176,265,1
43.5816412,-116.7397747,199,199,7.84,523,203,203,11.72,523,125000,9,88,184,177,265,1
43.5816416,-116.7397637,200,200,7.62,525,203,203,11.72,525,125276,9,88,185,177,265,1
43.5816419,-116.7397529,200,200,7.4,526,203,203,11.72,526,125576,9,88,184,177,265,1
43.5816423,-116.7397318,201,201,7.16,529,203,203,11.72,529,125878,9,88,185,177,265,1
43.5816425,-116.7397216,200,200,6.94,530,203,203,11.72,530,126176,9,88,185,177,265,1
43.5816422,-116.7397118,200,200,6.5,531,203,203,11.72,531,126518,9,88,185,177,265,1
43.5816423,-116.7397022,200,200,6.5,532,203,203,11.72,532,126777,9,88,185,177,265,1
43.5816424,-116.7396928,200,201,6.06,534,203,203,11.72,534,127077,9,88,186,177,265,1
43.5816432,-116.7396751,201,201,5.83,536,203,203,11.72,536,127375,9,88,185,178,265,1
43.5816435,-116.7396665,200,200,5.6,537,203,203,11.72,537,127675,9,88,185,177,265,1
43.5816437,-116.7396582,200,200,5.37,538,203,203,11.72,538,127997,9,88,186,177,265,1
43.5816442,-116.7396499,201,201,5.37,539,203,203,11.72,539,128294,9,88,186,177,265,1
43.5816444,-116.7396421,200,200,4.93,541,203,203,11.72,541,128576,9,88,187,177,266,1
43.5816444,-116.7396272,200,200,4.7,542,203,203,11.72,542,128876,9,88,187,177,266,1
43.5816439,-116.7396203,200,200,4.48,543,203,203,11.72,543,129177,9,88,188,176,266,1
43.5816439,-116.7396136,200,200,4.03,544,203,203,11.72,544,129504,9,88,188,175,265,1
43.5816439,-116.7396071,200,200,3.39,545,203,203,11.72,545,129775,9,88,188,176,265,1
43.581644,-116.7396009,199,200,2.92,546,203,203,11.72,546,130077,9,87,188,176,265,1
43.5816445,-116.7395904,199,199,2.69,547,203,203,11.72,547,130375,8,87,188,176,266,1
43.5816448,-116.7395861,201,201,2.29,548,203,203,11.72,548,130675,8,87,188,176,265,1
43.5816453,-116.7395819,198,198,1.86,549,203,203,11.72,549,131002,8,87,188,177,265,1
43.5816452,-116.7395786,200,200,1.43,549,203,203,11.72,549,131276,8,87,189,177,266,1
43.5816455,-116.7395757,200,201,1.2,550,203,203,11.72,550,131576,8,87,188,176,266,1
43.5816463,-116.7395715,198,198,1.03,550,203,203,11.72,550,131893,8,87,188,176,267,1
43.5816472,-116.73957,199,199,0.63,551,203,203,11.72,551,132178,8,87,189,177,267,1
43.5816476,-116.7395688,200,200,0.55,551,203,203,11.72,551,132497,8,87,189,177,267,1
43.5816479,-116.7395678,198,199,0.45,551,203,203,11.72,551,132794,8,87,189,178,273,1
43.5816485,-116.7395676,200,200,0.67,552,203,203,11.72,552,133134,9,87,188,178,288,1
43.5816497,-116.7395684,200,201,0.92,552,203,203,11.72,552,133376,9,87,188,178,300,1
43.5816513,-116.7395701,200,200,1.36,552,203,203,11.72,552,133676,10,87,188,179,315,1
43.5816526,-116.7395694,201,202,1.84,553,203,203,11.72,553,134226,10,87,185,180,336,1
43.5816532,-116.7395686,202,202,2.11,553,203,203,11.72,553,134575,11,87,184,181,353,1
43.5816547,-116.739565,203,203,2.23,554,203,203,11.72,554,134894,9,87,183,182,4,1
43.5816559,-116.7395628,203,203,2.59,555,203,203,11.72,555,135195,9,87,183,182,12,1
43.5816572,-116.73956,202,203,2.77,555,203,203,11.72,555,135501,9,87,180,186,18,1
43.5816575,-116.739556,202,202,2.51,556,203,203,11.72,556,135776,9,87,178,188,22,1
43.5816582,-116.7395525,202,202,1.8,557,203,203,11.72,557,136096,9,87,176,190,25,1
43.5816592,-116.7395463,202,202,1.2,558,203,203,11.72,558,136394,9,87,176,190,27,1
43.5816595,-116.7395443,202,202,0.74,558,203,203,11.72,558,136675,10,87,175,189,30,1
43.5816598,-116.7395429,200,200,0.45,559,203,203,11.72,559,136998,10,87,176,189,28,1
43.5816596,-116.739542,201,201,0.5,559,203,203,11.72,559,137276,11,87,176,190,18,1
43.5816593,-116.7395414,200,200,0.89,559,203,203,11.72,559,137595,11,87,176,190,3,1
43.5816573,-116.7395424,201,201,1.3,558,203,203,11.72,559,137896,11,87,178,190,348,1
43.5816565,-116.7395434,202,202,1.9,557,203,203,11.72,559,138175,10,87,179,190,336,1
43.5816555,-116.7395449,200,200,2.42,557,203,203,11.72,559,138504,9,87,180,191,324,1
43.5816536,-116.7395464,201,201,3.61,556,203,203,11.72,559,138794,10,87,180,197,320,1
43.5816514,-116.7395482,200,200,4.61,555,203,203,11.72,559,139074,10,87,183,195,325,1
43.581644,-116.739553,201,201,5.46,552,203,203,11.72,559,139397,10,87,185,194,334,1
43.5816396,-116.7395566,201,201,5.7,550,203,203,11.72,559,139675,10,87,185,193,343,1
43.5816353,-116.739561,201,201,5.56,548,203,203,11.72,559,139998,10,87,183,191,352,1
43.581631,-116.7395661,201,201,5.46,546,203,203,11.72,559,140275,10,87,180,190,359,1
43.581627,-116.7395714,198,198,5.53,544,203,203,11.72,559,140597,10,87,179,189,8,1
43.5816201,-116.7395823,199,199,5.42,541,203,203,11.72,559,140895,10,87,178,188,15,1
43.5816171,-116.7395876,199,199,5.31,539,203,203,11.72,559,141199,9,86,178,187,24,1
43.5816144,-116.7395928,199,199,4.93,538,203,203,11.72,559,141514,9,86,177,186,32,1
43.5816118,-116.7395977,198,199,4.63,536,203,203,11.72,559,141796,10,86,175,184,38,1
43.5816095,-116.7396024,200,200,4.71,535,203,203,11.72,559,142098,10,86,170,183,43,1
43.5816049,-116.73961,201,201,4.92,532,203,203,11.72,559,142398,9,86,168,182,47,1
43.5816018,-116.7396137,199,199,5.47,531,203,203,11.72,559,142696,9,86,168,182,50,1
43.5815983,-116.7396176,201,201,5.91,529,203,203,11.72,559,143021,9,86,168,181,52,1
43.5815944,-116.7396216,200,200,6.22,527,203,203,11.72,559,143294,9,86,169,181,53,1
43.5815859,-116.7396321,197,197,6.68,523,203,203,11.72,559,143615,11,86,170,181,53,1
43.5815813,-116.7396376,199,199,6.97,521,203,203,11.72,559,143894,11,86,170,181,53,1
43.5815769,-116.7396432,199,199,7.29,519,203,203,11.72,559,144336,11,86,170,181,52,1
43.5815714,-116.7396496,199,199,7.44,516,203,203,11.72,559,144503,11,86,170,182,52,1
43.5815661,-116.7396557,200,200,7.6,514,203,203,11.72,559,144793,11,86,170,181,51,1
43.5815608,-116.7396619,202,202,7.75,511,203,203,11.72,559,145093,11,86,170,181,51,1
43.5815492,-116.7396744,201,201,7.76,506,203,203,11.72,559,145393,10,86,171,181,50,1
43.5815433,-116.7396808,200,200,7.75,503,203,203,11.72,559,145693,9,86,170,181,50,1
43.5815371,-116.7396873,198,198,7.91,501,203,203,11.72,559,145999,8,86,171,181,49,1
43.5815306,-116.7396941,200,200,8.07,498,203,203,11.72,559,146294,8,86,171,181,49,1
43.5815245,-116.7397006,200,201,8.23,495,203,203,11.72,559,146600,8,86,171,181,49,1
43.5815117,-116.7397139,200,201,8.23,489,203,203,11.72,559,146892,8,86,171,181,48,1
43.581505,-116.7397207,203,203,8.23,486,203,203,11.72,559,147193,8,86,172,181,48,1
43.5814984,-116.7397277,204,204,8.23,483,204,204,11.72,559,147520,8,86,172,181,47,1
43.5814918,-116.7397346,204,204,8.23,480,204,204,11.72,559,147814,9,86,172,181,47,1
43.5814851,-116.7397413,203,203,8.23,477,204,204,11.72,559,148094,9,86,172,181,47,1
43.5814715,-116.7397547,202,202,8.07,471,204,204,11.72,559,148394,9,86,172,182,47,1
43.5814646,-116.7397614,200,200,8.08,468,204,204,11.72,559,148713,9,86,172,182,46,1
43.5814579,-116.7397681,200,200,8.07,465,204,204,11.72,559,148998,9,86,172,182,46,1
43.581451,-116.7397749,201,201,8.26,462,204,204,11.72,559,149295,9,86,171,182,46,1
43.5814444,-116.7397816,204,204,8.23,459,204,204,11.72,559,149595,9,86,171,181,45,1
43.581431,-116.7397958,201,201,8.4,453,204,204,11.72,559,149895,9,86,171,181,45,1
43.5814245,-116.7398031,203,203,8.4,450,204,204,11.72,559,150197,9,86,172,181,46,1
43.5814177,-116.7398096,198,198,8.4,447,204,204,11.72,559,150517,9,86,172,181,46,1
43.5814109,-116.7398166,199,200,8.4,444,204,204,11.72,559,150795,9,86,172,181,46,1
43.5814042,-116.7398236,199,199,8.4,441,204,204,11.72,559,151095,9,86,172,181,46,1
43.5813909,-116.7398379,199,199,8.4,435,204,204,11.72,559,151394,9,86,172,181,46,1
43.5813843,-116.7398448,202,202,8.4,432,204,204,11.72,559,151714,9,86,172,181,46,1
43.581378,-116.739852,202,202,8.4,429,204,204,11.72,559,152020,9,86,171,181,46,1
43.5813714,-116.7398593,201,201,8.56,426,204,204,11.72,559,152314,9,86,172,181,46,1
43.5813649,-116.7398668,200,200,8.4,423,204,204,11.72,559,152595,9,86,172,181,46,1
43.5813519,-116.7398817,199,199,8.4,417,204,204,11.72,559,152900,9,86,172,181,47,1
43.5813455,-116.7398888,199,199,8.4,414,204,204,11.72,559,153196,9,85,172,181,47,1
43.5813391,-116.7398962,200,200,8.25,411,204,204,11.72,559,153599,9,85,173,181,47,1
43.5813325,-116.7399037,201,201,8.25,408,204,204,11.72,559,153797,9,85,172,180,47,1
43.5813129,-116.7399268,199,199,8.4,398,204,204,11.72,559,154415,8,85,171,181,48,1
43.5813061,-116.7399343,201,201,8.4,395,204,204,11.72,559,154694,9,85,171,181,48,1
43.5812995,-116.739942,201,201,8.4,392,204,204,11.72,559,155021,8,85,171,182,48,1
43.581293,-116.7399495,201,201,8.4,389,204,204,11.72,559,155294,8,85,171,182,47,1
43.58128,-116.7399651,201,201,8.4,383,204,204,11.72,559,155620,8,85,172,182,48,1
43.5812735,-116.7399728,201,201,8.4,380,204,204,11.72,559,155915,8,85,171,182,48,1
43.5812667,-116.7399808,203,203,8.4,377,204,204,11.72,559,156194,8,85,171,182,48,1
43.5812601,-116.7399884,201,201,8.4,374,204,204,11.72,559,156517,8,85,171,182,48,1
43.5812536,-116.7399964,200,200,8.41,371,204,204,11.72,559,156814,8,85,171,182,48,1
43.5812469,-116.7400042,203,203,8.4,368,204,204,11.72,559,157094,8,85,170,182,48,1
43.5812337,-116.7400196,201,201,8.4,361,204,204,11.72,559,157416,8,85,171,182,48,1
43.5812271,-116.7400277,203,203,8.4,358,204,204,11.72,559,157695,8,85,171,182,48,1
43.5812206,-116.7400356,203,203,8.56,355,204,204,11.72,559,158022,8,85,170,182,48,1
43.5812077,-116.7400521,200,200,8.74,349,204,204,11.72,559,158595,8,85,172,181,48,1
43.5811947,-116.7400684,201,202,8.56,343,204,204,11.72,559,158916,8,85,172,180,49,1
43.5811882,-116.7400768,197,197,8.56,340,204,204,11.72,559,159215,8,85,171,180,49,1
43.5811819,-116.7400849,203,203,8.4,337,204,204,11.72,559,159520,8,85,170,180,49,1
43.5811751,-116.7400934,203,203,8.71,334,204,204,11.72,559,159794,8,85,170,181,49,1
43.5811689,-116.7401008,202,202,8.71,331,204,204,11.72,559,160094,8,85,171,181,49,1
43.5811555,-116.7401169,202,202,8.55,325,204,204,11.72,559,160394,8,85,173,181,49,1
43.5811489,-116.740125,196,196,8.55,321,204,204,11.72,559,160694,8,85,172,182,49,1
43.5811423,-116.740133,197,197,8.4,318,204,204,11.72,559,161028,9,85,171,180,49,1
43.5811357,-116.7401412,198,198,8.72,315,204,204,11.72,559,161314,9,85,170,181,49,1
43.581129,-116.7401493,201,201,8.71,312,204,204,11.72,559,161594,9,85,170,181,49,1
43.5811166,-116.7401659,202,202,8.87,306,204,204,11.72,559,161894,10,85,171,181,49,1
43.5811102,-116.7401742,201,201,8.87,303,204,204,11.72,559,162194,10,85,171,181,49,1
43.5811036,-116.7401825,197,197,8.86,300,204,204,11.72,559,162556,10,85,172,181,50,1
43.5810969,-116.7401908,199,200,8.7,297,204,204,11.72,559,162795,10,85,172,181,50,1
43.5810836,-116.7402075,200,201,8.7,291,204,204,11.72,559,163135,10,85,171,182,49,1
43.5810769,-116.7402156,198,198,8.86,288,204,204,11.72,559,163395,10,85,171,181,49,1
43.5810704,-116.7402239,200,200,8.86,285,204,204,11.72,559,163713,10,85,171,180,49,1
43.5810639,-116.7402323,201,201,8.86,282,204,204,11.72,559,164047,10,85,171,180,49,1
43.5810573,-116.7402407,198,198,8.86,279,204,204,11.72,559,164313,10,85,171,180,49,1
43.5810509,-116.7402491,200,200,8.86,276,204,204,11.72,559,164595,10,85,172,180,49,1
43.5810313,-116.7402738,202,202,8.86,267,204,204,11.72,559,165213,9,85,172,180,49,1
43.5810246,-116.740282,202,202,8.86,264,204,204,11.72,559,165552,9,85,172,180,49,1
43.5810177,-116.7402903,198,199,8.86,261,204,204,11.72,559,165814,9,85,173,180,49,1
43.5810043,-116.740307,200,200,8.86,254,204,204,11.72,559,166112,9,84,172,180,49,1
43.5809974,-116.7403153,200,200,8.7,251,204,204,11.72,559,166431,9,84,172,180,48,1
43.5809905,-116.7403232,199,199,8.7,248,204,204,11.72,559,166714,9,84,172,180,48,1
43.5809837,-116.7403315,200,200,8.54,245,204,204,11.72,559,167033,9,84,172,180,48,1
43.5809774,-116.7403396,199,199,8.54,242,204,204,11.72,559,167314,10,84,171,180,48,1
43.5809639,-116.7403566,198,198,8.54,236,204,204,11.72,559,167612,9,84,171,180,48,1
43.5809575,-116.7403648,199,199,8.54,233,204,204,11.72,559,167915,9,84,171,180,48,1
43.5809509,-116.7403733,199,199,8.7,230,204,204,11.72,559,168233,9,84,171,180,47,1
43.5809443,-116.7403816,200,200,8.7,227,204,204,11.72,559,168561,9,84,171,181,47,1
43.5809378,-116.7403898,199,199,8.7,225,204,204,11.72,559,168813,9,84,171,181,47,1
43.5809247,-116.7404061,200,200,8.7,219,204,204,11.72,559,169131,8,84,171,180,47,1
43.580918,-116.7404145,198,198,8.71,216,204,204,11.72,559,169432,8,84,171,181,47,1
43.5809113,-116.7404228,198,198,8.73,213,204,204,11.72,559,169733,8,84,172,181,47,1
43.5809044,-116.7404311,198,198,8.57,210,204,204,11.72,559,170059,8,84,172,181,46,1
43.5808977,-116.7404394,198,198,8.59,207,204,204,11.72,559,170312,8,84,172,180,46,1
43.5808852,-116.740456,195,195,8.75,202,204,204,11.72,559,170632,8,84,171,180,46,1
43.5808785,-116.7404646,202,202,8.9,199,204,204,11.72,559,170912,8,84,171,180,46,1
43.5808717,-116.7404731,201,202,8.73,196,204,204,11.72,559,171211,8,84,172,180,46,1
43.5808654,-116.7404815,199,199,8.71,193,204,204,11.72,559,171535,8,84,173,180,46,1
43.5808592,-116.7404897,199,199,8.7,190,204,204,11.72,559,171813,8,84,173,180,46,1
43.5808463,-116.7405063,203,203,8.55,185,204,204,11.72,559,172113,8,84,172,180,46,1
43.5808398,-116.7405141,198,199,8.4,182,204,204,11.72,559,172413,8,84,172,180,46,1
43.5808334,-116.7405221,203,203,8.4,180,204,204,11.72,559,172733,8,84,173,181,46,1
43.580827,-116.7405299,196,196,8.4,177,204,204,11.72,559,173074,9,84,174,180,46,1
43.5808203,-116.7405377,199,200,8.26,174,204,204,11.72,559,173313,10,84,177,180,46,1
43.5808072,-116.7405529,199,199,7.3,169,204,204,11.72,559,173633,10,84,182,180,45,1
43.5808008,-116.7405589,200,200,6.34,166,204,204,11.72,559,173914,11,84,180,181,44,1
43.5807949,-116.7405651,202,202,5.85,164,204,204,11.72,559,174262,11,84,176,181,45,1
43.5807894,-116.7405701,203,203,6.01,162,204,204,11.72,559,174595,11,84,173,180,45,1
43.5807844,-116.7405749,201,201,6.17,160,204,204,11.72,559,174815,11,84,175,180,45,1
43.5807744,-116.7405851,201,202,5.71,156,204,204,11.72,559,175115,11,84,181,178,45,1
43.5807696,-116.7405904,200,200,5.11,154,204,204,11.72,559,175424,11,84,180,180,43,1
43.5807647,-116.740595,199,200,4.79,152,204,204,11.72,559,175714,11,84,177,182,42,1
43.5807596,-116.7405987,200,200,4.65,151,204,204,11.72,559,176035,11,84,174,182,45,1
43.5807551,-116.7406027,200,200,4.62,149,204,204,11.72,559,176332,10,84,174,184,45,1
43.5807461,-116.7406101,199,200,4.76,146,204,204,11.72,559,176615,10,84,174,183,44,1
43.5807419,-116.740614,200,200,4.91,144,204,204,11.72,559,176915,10,84,174,183,43,1
43.5807381,-116.7406182,201,201,4.75,143,204,204,11.72,559,177231,10,84,173,183,42,1
43.5807345,-116.7406223,201,201,4.75,141,204,204,11.72,559,177535,10,84,174,183,43,1
43.5807309,-116.7406266,198,198,4.75,140,204,204,11.72,559,177815,10,84,175,183,43,1
43.5807243,-116.7406358,200,200,4.59,137,204,204,11.72,559,178132,10,83,174,184,43,1
43.5807214,-116.7406403,203,203,4.44,136,204,204,11.72,559,178414,10,83,174,184,44,1
43.5807186,-116.7406452,201,201,4.3,135,204,204,11.72,559,178714,10,83,175,184,44,1
43.5807159,-116.7406499,202,203,4.17,134,204,204,11.72,559,179055,10,83,175,183,45,1
43.5807136,-116.740655,201,201,4.18,134,204,204,11.72,559,179314,10,83,175,182,45,1
43.5807094,-116.740665,199,199,4.01,132,204,204,11.72,559,179615,10,83,175,182,45,1
43.5807074,-116.74067,199,199,3.68,132,204,204,11.72,559,179933,10,83,176,184,46,1
43.5807055,-116.7406749,199,199,3.54,131,204,204,11.72,559,180214,10,83,175,183,45,1
43.5807034,-116.7406797,199,199,3.36,130,204,204,11.72,559,180535,10,83,177,183,44,1
43.5807018,-116.7406846,202,202,3.05,130,204,204,11.72,559,180831,9,83,177,183,44,1
43.5806987,-116.7406934,200,200,2.95,129,204,204,11.72,559,181114,9,83,177,183,44,1
43.5806976,-116.7406975,201,201,2.43,129,204,204,11.72,559,181431,9,83,178,182,44,1
43.5806965,-116.7407013,201,202,2.24,129,204,204,11.72,559,181731,9,83,178,182,43,1
43.5806951,-116.7407047,202,202,1.94,128,204,204,11.72,559,182038,9,83,179,183,43,1
43.5806939,-116.7407079,202,202,1.67,128,204,204,11.72,559,182314,9,83,178,183,43,1
43.5806926,-116.7407135,202,202,1.2,128,204,204,11.72,559,182630,9,83,178,182,43,1
43.5806918,-116.7407161,202,202,1.16,128,204,204,11.72,559,182915,9,83,178,182,43,1
43.5806912,-116.7407183,201,201,0.92,128,204,204,11.72,559,183214,9,83,179,181,43,1
43.580691,-116.7407204,202,202,0.71,128,204,204,11.72,559,183600,9,83,179,182,41,1
43.5806911,-116.7407216,203,203,0.5,128,204,204,11.72,559,183813,10,83,178,183,37,1
43.5806908,-116.7407235,201,201,0.74,128,204,204,11.72,559,184544,11,83,178,183,22,1
43.5806905,-116.740724,201,202,0.74,128,204,204,11.72,559,184736,11,83,178,183,19,1
43.5806905,-116.7407245,202,202,0.84,128,204,204,11.72,559,185038,11,83,180,183,14,1
43.5806903,-116.7407251,201,202,1.14,128,204,204,11.72,559,185335,10,83,180,184,10,1
43.5806891,-116.7407253,200,200,1.12,127,204,204,11.72,559,185612,10,83,180,184,7,1
43.5806881,-116.7407251,201,201,1.12,127,204,204,11.72,559,185912,10,83,181,183,5,1
43.5806876,-116.7407254,200,200,1.12,127,204,204,11.72,559,186233,10,83,182,184,3,1
43.5806874,-116.7407256,200,200,0.95,127,204,204,11.72,559,186537,10,83,182,185,1,1
43.5806876,-116.7407263,200,200,0.81,127,204,204,11.72,559,186812,10,83,183,184,359,1
43.5806872,-116.7407268,199,199,0.67,127,204,204,11.72,559,187135,8,83,183,183,358,1
43.5806874,-116.7407271,198,198,0.89,127,204,204,11.72,559,187412,8,83,183,183,357,1
43.5806881,-116.7407273,199,199,0.89,127,204,204,11.72,559,187712,8,83,181,183,356,1
43.5806891,-116.7407271,200,200,1.16,127,204,204,11.72,559,188058,9,83,172,182,355,1
43.5806897,-116.7407269,199,199,1.91,127,204,204,11.72,559,188312,9,83,170,183,355,1
43.5806886,-116.7407258,200,200,3.03,127,204,204,11.72,559,188612,9,83,171,184,354,1
43.5806867,-116.7407253,200,201,3.83,126,204,204,11.72,559,188934,9,83,172,184,354,1
43.5806846,-116.7407257,200,200,4.46,126,204,204,11.72,559,189212,9,83,174,184,355,1
43.5806824,-116.7407266,200,200,5.16,125,204,204,11.72,559,189552,7,83,174,184,354,1
43.5806794,-116.7407278,201,201,5.38,124,204,204,11.72,559,189834,8,83,174,184,354,1
43.5806705,-116.7407297,200,201,5.81,121,204,204,11.72,559,190135,8,82,174,184,352,1
43.5806649,-116.740731,201,201,6.24,119,204,204,11.72,559,190432,8,82,174,184,351,1
43.5806593,-116.7407321,200,200,6.46,117,204,204,11.72,559,190733,8,82,175,183,350,1
43.5806534,-116.7407329,200,200,6.73,115,204,204,11.72,559,191040,8,82,175,183,349,1
43.5806473,-116.7407337,201,201,6.95,113,204,204,11.72,559,191333,8,82,175,183,349,1
43.5806341,-116.7407343,200,200,7.11,108,204,204,11.72,559,191634,8,82,175,182,348,1
43.5806274,-116.7407345,200,200,7.38,106,204,204,11.72,559,191934,8,82,175,182,348,1
43.5806201,-116.7407346,201,201,7.38,103,204,204,11.72,559,192232,8,82,175,182,347,1
43.5806127,-116.7407339,200,200,7.65,101,204,204,11.72,559,192553,8,82,175,182,347,1
43.5806052,-116.7407334,200,200,7.87,98,204,204,11.72,559,192832,8,82,175,181,347,1
43.5805888,-116.7407312,200,200,7.93,92,204,204,11.72,559,193156,8,82,176,181,347,1
43.5805811,-116.7407293,200,200,8.14,89,204,204,11.72,559,193431,8,82,176,182,346,1
43.5805726,-116.7407272,200,200,7.93,86,204,204,11.72,559,193731,8,82,183,183,346,1
43.5805643,-116.7407246,200,200,6.58,83,204,204,11.72,559,194085,8,82,187,183,346,1
43.580556,-116.740722,200,200,5.66,80,204,204,11.72,559,194345,8,82,187,184,346,1
43.5805416,-116.7407157,200,200,4.68,74,204,204,11.72,559,194630,9,82,186,184,346,1
43.580536,-116.7407128,199,199,3.75,72,204,204,11.72,559,194934,9,82,188,184,347,1
43.5805312,-116.7407096,198,199,2.91,70,204,204,11.72,559,195229,9,82,187,184,347,1
43.5805274,-116.7407065,199,199,2.11,69,204,204,11.72,559,195556,9,82,186,184,346,1
43.5805223,-116.7407004,200,201,2.06,66,204,204,11.72,559,195851,9,82,182,185,346,1
43.58052,-116.7406971,200,200,2.06,65,204,204,11.72,559,196132,9,82,183,187,346,1
43.5805187,-116.7406942,199,199,1.94,65,204,204,11.72,559,196432,9,82,184,186,346,1
43.5805172,-116.7406919,198,199,1.58,64,204,204,11.72,559,196750,9,82,185,185,347,1
43.5805158,-116.7406898,198,198,1.84,63,204,204,11.72,559,197057,9,82,184,185,346,1
43.580514,-116.7406865,198,198,2.01,63,204,204,11.72,559,197350,9,82,182,186,346,1
43.5805129,-116.7406847,197,198,2.19,62,204,204,11.72,559,197631,9,82,180,186,346,1
43.5805123,-116.7406837,197,197,2.12,62,204,204,11.72,559,197950,10,82,180,185,347,1
43.5805117,-116.7406827,195,196,2.5,61,204,204,11.72,559,198250,9,82,180,184,347,1
43.5805109,-116.7406815,196,196,2.35,61,204,204,11.72,559,198551,9,82,181,184,347,1
43.5805098,-116.7406807,195,196,2.63,61,204,204,11.72,559,198833,9,82,181,184,347,1
43.580507,-116.7406787,194,194,2.63,60,204,204,11.72,559,199131,10,82,180,182,346,1
43.5805058,-116.7406773,191,191,2.98,59,204,204,11.72,559,199431,9,82,180,181,345,1
43.5805044,-116.7406757,192,192,3.36,59,204,204,11.72,559,199751,9,82,180,182,343,1
43.5805024,-116.7406738,191,191,3.5,58,204,204,11.72,559,200051,9,82,181,183,344,1
43.5805004,-116.7406714,190,190,3.36,57,204,204,11.72,559,200333,9,82,181,183,353,1
43.5804957,-116.7406655,189,189,3.23,55,204,204,11.72,559,200651,9,82,181,184,7,1
43.5804934,-116.7406625,188,188,2.99,54,204,204,11.72,559,200951,9,82,181,186,24,1
43.5804911,-116.7406598,187,187,1.96,53,204,204,11.72,559,201252,9,82,181,188,33,1
43.5804893,-116.7406566,188,188,1.57,52,204,204,11.72,559,201554,9,82,175,186,36,1
43.580488,-116.7406534,186,186,1.36,52,204,204,11.72,559,201832,9,82,172,184,36,1
43.5804867,-116.7406468,185,185,1.38,51,204,204,11.72,559,202151,11,81,171,185,36,1
43.5804863,-116.7406443,185,185,1.87,51,204,204,11.72,559,202450,11,81,171,184,35,1
43.5804853,-116.7406419,182,183,2.54,50,204,204,11.72,559,202751,11,81,177,179,35,1
43.580484,-116.7406402,182,182,3.23,50,204,204,11.72,559,203083,10,81,180,175,36,1
43.5804832,-116.7406384,182,182,3.93,50,204,204,11.72,559,203332,10,81,179,178,37,1
43.5804786,-116.7406327,180,180,4.21,48,204,204,11.72,559,203631,10,81,175,181,38,1
43.5804758,-116.7406286,181,181,3.93,47,204,204,11.72,559,203932,10,81,174,186,38,1
43.5804731,-116.7406243,181,181,2.85,46,204,204,11.72,559,204230,11,81,174,188,36,1
43.5804703,-116.7406205,181,181,1.72,45,204,204,11.72,559,204606,11,81,175,187,37,1
43.580468,-116.7406173,182,182,1.14,44,204,204,11.72,559,204839,10,81,175,185,37,1
43.5804655,-116.7406135,180,180,0.81,43,204,204,11.72,559,205169,9,81,176,185,37,1
43.5804646,-116.7406121,181,182,0.71,43,204,204,11.72,559,205452,9,81,176,185,37,1
43.5804641,-116.7406109,181,181,0.5,43,204,204,11.72,559,205750,9,81,176,185,37,1
43.5804635,-116.74061,181,181,0.45,43,204,204,11.72,559,206056,9,81,177,185,37,1
43.5804628,-116.7406089,181,181,0.22,43,204,204,11.72,559,206373,9,81,176,185,37,1
43.5804627,-116.7406086,180,180,0.22,43,204,204,11.72,559,206649,9,81,176,185,37,1
43.5804627,-116.7406083,179,179,0.89,43,204,204,11.72,559,206950,9,81,177,183,37,1
43.5804634,-116.7406081,178,178,1.36,43,204,204,11.72,559,207249,9,81,177,181,37,1
43.5804637,-116.7406081,179,179,2.13,43,204,204,11.72,559,207552,9,81,177,181,37,1
43.5804642,-116.7406072,178,178,2.63,43,204,204,11.72,559,207874,9,81,175,183,37,1
43.5804638,-116.7406065,177,177,3.08,43,204,204,11.72,559,208150,10,81,175,182,37,1
43.5804634,-116.7406054,176,177,3.19,43,204,204,11.72,559,208472,10,81,176,181,37,1
43.580463,-116.7406043,175,175,3.47,43,204,204,11.72,559,208749,9,81,176,181,37,1
43.5804624,-116.7406033,172,173,3.72,43,204,204,11.72,559,209081,10,81,175,181,38,1
43.5804612,-116.7406004,171,171,3.96,42,204,204,11.72,559,209373,9,81,175,181,38,1
43.5804599,-116.7405986,171,171,4.14,42,204,204,11.72,559,209650,10,81,177,181,38,1
43.580459,-116.7405964,169,169,4.2,42,204,204,11.72,559,209950,9,81,179,180,38,1
43.5804578,-116.7405939,167,167,4.42,41,204,204,11.72,559,210250,9,81,178,180,38,1
43.5804568,-116.7405915,167,167,4.93,41,204,204,11.72,559,210571,10,81,177,179,38,1
43.5804536,-116.7405849,164,164,5.31,41,204,204,11.72,559,210850,10,81,176,179,38,1
43.5804521,-116.7405806,164,164,5.68,40,204,204,11.72,559,211150,10,81,176,178,38,1
43.5804505,-116.7405761,164,164,6.15,40,204,204,11.72,559,211450,10,81,176,179,38,1
43.5804481,-116.7405713,160,160,6.33,40,204,204,11.72,559,211750,10,81,180,179,38,1
43.580445,-116.740566,158,159,6.72,40,204,204,11.72,559,212072,10,81,181,180,40,1
43.5804396,-116.7405538,157,157,7.2,39,204,204,11.72,559,212350,10,81,181,178,41,1
43.5804377,-116.7405469,153,154,7.23,40,204,204,11.72,559,212650,10,81,180,180,40,1
43.5804357,-116.7405393,154,154,7.47,40,204,204,11.72,559,212952,10,81,180,181,39,1
43.5804342,-116.7405314,154,154,7.47,41,204,204,11.72,559,213250,10,81,176,179,38,1
43.5804324,-116.7405227,150,150,7.74,42,204,204,11.72,559,213577,10,81,176,177,38,1
43.580428,-116.740505,149,149,7.61,44,204,204,11.72,559,213874,10,81,176,183,37,1
43.5804254,-116.7404965,147,147,7.23,45,204,204,11.72,559,214151,10,81,176,186,35,1
43.5804228,-116.7404883,146,146,6.71,47,204,204,11.72,559,214472,10,81,175,189,34,1
43.5804203,-116.7404806,144,144,5.82,48,204,204,11.72,559,214770,10,81,175,189,36,1
43.5804181,-116.7404739,143,143,5.01,49,204,204,11.72,559,215074,10,80,176,191,38,1
43.5804141,-116.7404628,142,142,4.26,51,204,204,11.72,559,215388,10,80,175,194,38,1
43.5804125,-116.7404588,140,140,3.53,51,204,204,11.72,559,215674,10,80,175,190,39,1
43.580412,-116.7404563,138,138,3.43,52,204,204,11.72,559,215971,10,80,174,192,39,1
43.5804115,-116.7404547,138,138,3.36,52,204,204,11.72,559,216289,10,80,176,191,39,1
43.5804115,-116.7404541,135,135,3.43,52,204,204,11.72,559,216590,10,80,176,189,39,1
43.5804127,-116.7404555,134,134,3.6,52,204,204,11.72,559,216873,10,80,177,190,39,1
43.5804136,-116.7404572,133,133,4.15,52,204,204,11.72,559,217189,10,80,177,190,38,1
43.5804149,-116.7404598,130,130,4.5,51,204,204,11.72,559,217472,10,80,177,189,38,1
43.5804169,-116.7404631,129,129,4.7,51,204,204,11.72,559,217772,10,80,178,185,39,1
43.5804188,-116.7404668,129,129,4.14,51,204,204,11.72,559,218091,10,80,179,178,41,1
43.5804235,-116.7404748,126,126,4.06,50,204,204,11.72,559,218374,10,80,178,180,40,1
43.5804255,-116.7404782,126,126,3.86,49,204,204,11.72,559,218672,10,80,178,180,39,1
43.5804272,-116.740481,124,124,3.75,49,204,204,11.72,559,218989,10,80,178,180,38,1
43.5804289,-116.7404832,122,122,3.67,49,204,204,11.72,559,219271,10,80,177,180,39,1
43.5804303,-116.7404851,122,122,3.86,49,204,204,11.72,559,219590,10,80,177,182,39,1
43.5804328,-116.7404881,118,119,3.61,49,204,204,11.72,559,219890,10,80,177,181,40,1
43.5804334,-116.7404893,118,118,3.37,49,204,204,11.72,559,220170,10,80,176,180,40,1
43.5804341,-116.7404904,115,115,3.36,49,204,204,11.72,559,220489,10,80,176,180,38,1
43.5804347,-116.7404912,112,113,3.39,49,204,204,11.72,559,220788,10,80,176,180,38,1
43.5804351,-116.7404917,113,114,3.61,49,204,204,11.72,559,221091,10,80,179,182,38,1
43.5804344,-116.7404928,112,112,3.8,48,204,204,11.72,559,221389,10,80,179,183,38,1
43.5804339,-116.740493,109,110,3.8,48,204,204,11.72,559,221688,10,80,178,181,38,1
43.5804336,-116.740493,107,107,3.59,48,204,204,11.72,559,221989,10,80,176,180,38,1
43.5804334,-116.7404928,106,106,3.82,48,204,204,11.72,559,222290,10,80,177,181,37,1
43.5804329,-116.7404924,104,104,3.82,48,204,204,11.72,559,222591,10,80,177,180,37,1
43.580432,-116.7404918,102,102,3.63,48,204,204,11.72,559,222889,10,80,177,182,38,1
43.5804312,-116.7404912,99,99,3.63,48,204,204,11.72,559,223170,10,80,177,183,38,1
43.5804304,-116.7404908,98,99,3.37,48,204,204,11.72,559,223488,10,80,178,184,38,1
43.5804293,-116.7404901,97,97,3.36,48,204,204,11.72,559,223770,10,80,177,184,38,1
43.5804286,-116.7404895,96,96,3.36,48,204,204,11.72,559,224091,10,80,178,182,38,1
43.5804271,-116.7404889,94,94,3.59,47,204,204,11.72,559,224390,10,80,178,180,37,1
43.5804266,-116.7404889,94,94,3.84,47,204,204,11.72,559,224670,10,80,179,180,38,1
43.5804261,-116.7404887,92,92,4.08,47,204,204,11.72,559,224970,10,80,183,182,41,1
43.5804259,-116.7404886,89,89,4.08,47,204,204,11.72,559,225288,10,80,180,185,43,1
43.5804252,-116.740488,89,89,3.64,47,204,204,11.72,559,225590,10,80,180,183,45,1
43.5804247,-116.7404859,89,89,3.43,48,204,204,11.72,559,225890,10,80,179,185,46,1
43.5804244,-116.7404845,85,85,3.41,48,204,204,11.72,559,226189,10,80,179,185,45,1
43.580425,-116.7404822,79,80,3.83,48,204,204,11.72,559,226791,10,80,178,182,44,1
43.5804256,-116.7404816,79,79,3.83,49,204,204,11.72,559,227092,10,80,177,182,42,1
43.5804265,-116.7404807,76,76,3.59,49,204,204,11.72,559,227392,10,80,177,181,39,1
43.5804271,-116.7404804,74,74,3.58,49,204,204,11.72,559,227691,10,80,178,182,37,1
43.5804275,-116.7404804,72,72,3.36,49,204,204,11.72,559,227990,10,80,178,182,37,1
43.5804278,-116.7404807,71,71,3.36,49,204,204,11.72,559,228270,10,80,178,182,37,1
43.5804275,-116.7404813,70,70,3.36,49,204,204,11.72,559,228592,10,80,178,182,37,1
43.5804285,-116.7404823,69,69,3.36,49,204,204,11.72,559,228909,10,80,178,182,37,1
43.5804292,-116.7404829,67,67,3.13,49,204,204,11.72,559,229190,10,80,178,181,37,1
43.5804293,-116.7404836,65,66,3.36,49,204,204,11.72,559,229470,10,80,177,180,36,1
43.5804293,-116.7404841,64,64,3.59,49,204,204,11.72,559,229792,10,80,178,181,35,1
43.5804295,-116.7404846,62,62,3.8,49,204,204,11.72,559,230095,10,79,179,181,34,1
43.5804297,-116.740486,61,61,3.58,49,204,204,11.72,559,230369,10,79,178,180,36,1
43.5804298,-116.7404864,57,57,3.58,49,204,204,11.72,559,230691,10,79,179,182,36,1
43.58043,-116.7404866,58,58,3.58,49,204,204,11.72,559,230990,10,79,180,184,37,1
43.5804296,-116.7404866,56,56,3.58,48,204,204,11.72,559,231289,10,79,177,180,37,1
43.5804301,-116.7404869,55,55,3.36,49,204,204,11.72,559,231608,10,79,179,180,39,1
43.5804304,-116.740487,52,53,3.13,49,204,204,11.72,559,231895,10,79,179,183,38,1
43.5804303,-116.7404872,50,50,3.13,49,204,204,11.72,559,232189,10,79,178,181,37,1
43.5804311,-116.7404871,49,49,2.91,49,204,204,11.72,559,232491,10,79,177,180,37,1
43.5804316,-116.7404874,48,48,2.91,49,204,204,11.72,559,232792,10,79,179,182,36,1
43.5804315,-116.7404876,45,45,3.13,49,204,204,11.72,559,233093,10,79,176,180,36,1
43.5804328,-116.740488,45,45,3.13,49,204,204,11.72,559,233392,10,79,179,182,36,1
43.5804328,-116.7404879,45,45,2.91,49,204,204,11.72,559,233692,10,79,178,182,36,1
43.5804329,-116.7404879,45,45,2.69,49,204,204,11.72,559,233992,10,79,177,182,37,1
43.5804339,-116.7404881,41,41,2.46,49,204,204,11.72,559,234291,10,79,176,182,36,1
43.5804344,-116.7404882,41,41,2.46,49,204,204,11.72,559,234595,10,79,176,181,35,1
43.5804351,-116.7404879,39,39,2.47,49,204,204,11.72,559,234891,10,79,176,181,35,1
43.5804351,-116.7404882,39,39,2.48,49,204,204,11.72,559,235192,10,79,176,182,35,1
43.5804353,-116.7404882,39,39,2.7,49,204,204,11.72,559,235491,10,79,176,182,36,1
43.5804351,-116.740488,37,37,2.47,49,204,204,11.72,559,235789,10,79,176,182,36,1
43.580435,-116.7404879,35,35,2.7,49,204,204,11.72,559,236110,10,79,174,182,36,1
43.5804349,-116.7404875,35,35,2.93,50,204,204,11.72,559,236395,10,79,175,184,36,1
43.5804347,-116.7404873,35,35,2.92,50,204,204,11.72,559,236691,10,79,175,183,35,1
43.5804347,-116.740487,33,33,2.69,50,204,204,11.72,559,237007,10,79,176,182,35,1
43.5804345,-116.7404866,32,32,2.47,50,204,204,11.72,559,237293,10,79,175,183,35,1
43.5804341,-116.7404863,31,31,2.72,50,204,204,11.72,559,237608,10,79,174,182,34,1
43.5804337,-116.7404862,32,32,3.04,50,204,204,11.72,559,237930,10,79,175,182,33,1
43.5804332,-116.7404862,31,31,2.83,49,204,204,11.72,559,238194,10,79,177,183,33,1
43.5804323,-116.7404863,29,30,2.83,49,204,204,11.72,559,238507,10,79,180,184,34,1
43.5804314,-116.7404866,26,26,2.5,49,204,204,11.72,559,238791,10,79,180,184,35,1
43.5804298,-116.7404864,24,24,2.7,49,204,204,11.72,559,239108,10,79,178,183,35,1
43.5804295,-116.7404862,23,24,2.7,49,204,204,11.72,559,239393,10,79,177,183,34,1
43.580429,-116.740486,22,22,2.69,48,204,204,11.72,559,239691,10,79,176,184,33,1
43.5804287,-116.7404854,22,22,2.69,49,204,204,11.72,559,239994,10,79,176,184,33,1
43.5804282,-116.740485,20,20,2.46,48,204,204,11.72,559,240308,10,79,177,184,33,1
43.5804277,-116.740484,19,19,2.24,49,204,204,11.72,559,240616,10,79,177,184,34,1
43.580427,-116.7404838,19,19,1.34,48,204,204,11.72,559,240889,10,79,176,184,35,1
43.5804265,-116.7404841,18,18,0.5,48,204,204,11.72,559,241189,10,79,177,183,35,1
43.5804262,-116.7404842,16,16,0.32,48,204,204,11.72,559,241508,10,79,178,183,34,1
43.5804262,-116.7404844,16,16,0.32,48,204,204,11.72,559,241790,10,79,178,183,34,1
43.5804269,-116.7404855,16,16,0.5,48,204,204,11.72,559,242109,10,79,178,183,33,1
43.5804264,-116.7404862,14,14,0.71,48,204,204,11.72,559,242408,9,79,178,181,33,1
43.5804264,-116.7404865,14,14,0.67,48,204,204,11.72,559,242710,10,79,178,181,34,1
43.5804267,-116.7404868,13,13,0.67,48,204,204,11.72,559,243009,10,79,178,181,34,1
43.5804267,-116.740487,13,14,0.45,48,204,204,11.72,559,243309,9,79,179,181,34,1
43.5804269,-116.7404873,12,12,0.22,48,204,204,11.72,559,243611,9,79,181,178,35,1
43.5804268,-116.7404868,12,12,0.45,48,204,204,11.72,559,243908,9,79,179,177,34,1
43.5804264,-116.7404867,10,10,0.22,48,204,204,11.72,559,244209,9,78,177,176,34,1
43.5804261,-116.7404867,9,0,0.22,48,204,204,11.72,559,244508,10,78,178,176,31,0
43.5804253,-116.740487,8,0,0.39,47,204,204,11.72,559,244905,10,78,177,176,30,0
43.580425,-116.7404872,9,0,0.55,47,204,204,11.72,559,245107,10,78,177,175,29,0
43.5804246,-116.7404872,9,0,0.55,47,204,204,11.72,559,245408,10,78,178,173,28,0
43.5804245,-116.7404874,9,0,0.71,47,204,204,11.72,559,245705,10,78,173,174,28,0
43.5804242,-116.7404872,8,0,1,47,204,204,11.72,559,246007,10,78,172,169,16,0
43.5804237,-116.7404875,8,0,1.03,47,204,204,11.72,559,246309,11,78,172,178,356,0
43.5804224,-116.740488,8,0,1.12,47,204,204,11.72,559,246608,11,78,174,183,337,0
43.5804215,-116.7404878,8,0,1.23,46,204,204,11.72,559,246907,11,78,176,189,319,0
43.5804214,-116.7404891,8,0,1.43,46,204,204,11.72,559,247208,11,78,171,187,299,0
43.5804206,-116.740491,7,0,1.58,46,204,204,11.72,559,247506,11,78,175,189,289,0
43.5804201,-116.7404927,7,0,0.89,45,204,204,11.72,559,247808,9,78,174,186,272,0
43.5804207,-116.7404957,6,0,1.34,45,204,204,11.72,559,248110,10,78,168,185,256,0
43.5804205,-116.7404964,5,0,1.41,44,204,204,11.72,559,248407,9,78,176,185,255,0
43.5804203,-116.7404981,5,0,1.58,44,204,204,11.72,559,248706,10,78,175,179,257,0
43.5804197,-116.7404999,5,0,1.63,43,204,204,11.72,559,249014,9,78,183,179,258,0
43.5804198,-116.7405021,4,0,0.95,43,204,204,11.72,559,249307,9,78,181,181,253,0
43.5804188,-116.7405077,4,0,1.57,42,204,204,11.72,559,249610,10,78,180,182,252,0
43.5804175,-116.74051,5,0,0.92,41,204,204,11.72,559,249912,10,78,180,180,252,0
43.5804165,-116.7405126,4,0,1.38,40,204,204,11.72,559,250207,9,78,181,180,251,0
43.5804152,-116.7405155,4,0,1.05,39,204,204,11.72,559,250508,9,78,180,180,244,0
43.580413,-116.7405215,4,0,1.55,37,204,204,11.72,559,250845,9,78,182,184,236,0
43.5804116,-116.7405241,4,0,1.14,37,204,204,11.72,559,251107,9,78,182,184,235,0
43.5804102,-116.7405268,3,0,1.34,36,204,204,11.72,559,251408,9,78,185,188,233,0
43.5804088,-116.7405297,4,0,1.1,35,204,204,11.72,559,251711,9,78,182,188,221,0
43.5804074,-116.7405323,5,0,1.58,34,204,204,11.72,559,252007,9,78,182,187,218,0
43.5804057,-116.7405346,4,0,1.23,33,204,204,11.72,559,252308,10,78,180,187,225,0
43.5804027,-116.7405404,4,0,1.38,31,204,204,11.72,559,252608,10,78,178,186,227,0
43.5804019,-116.7405428,5,0,1.2,31,204,204,11.72,559,252908,10,78,178,185,218,0
43.5804003,-116.7405451,5,0,1.58,30,204,204,11.72,559,253227,10,78,179,183,214,0
43.5803989,-116.7405469,4,0,1.3,29,204,204,11.72,559,253510,10,78,178,183,216,0
